mean_absolute_error,max_absolute_error,min_absolute_error,std_absolute_error,mean_prediction_accuracy
0.007820076437443493,0.05905183196067809,0.0,0.013917081238944275,99.21799235625565
