mean_absolute_error,max_absolute_error,min_absolute_error,std_absolute_error,mean_prediction_accuracy
0.009027666480839249,0.052884730100631716,0.0,0.014969209502440224,99.09723335191607
