mean_absolute_error,max_absolute_error,min_absolute_error,std_absolute_error,mean_prediction_accuracy
0.007759027789235112,0.04772163152694697,0.0,0.012986442938100848,99.22409722107649
